Index,Metropolitian Area/City,Country/Region,Official est. GDP(billion US$),Metropolitian Population
1,A Coruña metropolitan area,Spain,28.819,"1,121,815 "
2,Aachen,Germany,24.296,"249,070 "
3,Aalborg,Denmark,31.855,"219,487 "
4,Aarhus,Denmark,54.927,"352,751 "
5,"Abbotsford, British Columbia",Canada,6.239,"203,907 "
6,"Aberdeen, Scotland",United Kingdom,23.0,"489,840 "
7,Abidjan,Ivory Coast,27,"5,600,000 "
8,"Abilene, TX MSA",United States,9.469,"179,308 "
9,Abu Dhabi metropolitan area,United Arab Emirates,151.073,"1,660,000 "
10,Adelaide,Australia,64.461,"1,344,368 "
11,Ahmedabad,India,80,"9,300,000 "
12,Aix-Marseille-Provence Metropolis,France,135.038,"1,911,657 "
13,"Akron, OH MSA",United States,44.562,"697,627 "
14,"Albany-Lebanon, OR MSA",United States,6.108,"130,467 "
15,"Albany-Schenectady-Troy, NY MSA",United States,80.303,"904,617 "
16,"Albany, GA MSA",United States,7.312,"145,786 "
17,"Albuquerque, NM MSA",United States,53.862,"919,543 "
18,Alexandria,Egypt,36.000,"5,950,000 "
19,"Alexandria, LA MSA",United States,7.460,"149,189 "
20,Alicante metropolitan area,Spain,38.851,"1,915,282 "
21,"Allentown-Bethlehem-Easton, PA-NJ MSA",United States,54.323,"871,229 "
22,Almaty,Kazakhstan,41.485,"2,250,000 "
23,"Altoona, PA MSA",United States,7.238,"121,032 "
24,Alxa League,China,4.419,"262,361 "
25,"Amarillo, TX MSA",United States,17.376,"271,171 "
26,"Ames, IA MSA",United States,8.104,"125,767 "
27,Amiens,France,19.418,"304,331 "
28,Amsterdam metropolitan area,Netherlands,237.841,"2,890,428 "
29,Anápolis,Brazil,6.740,"334,623 "
30,"Anchorage, AK MSA",United States,31.570,"400,470 "
31,Angers Loire Métropole,France,29.379,"394,256 "
32,Ankara,Turkey,74.83,"5,150,000 "
33,"Ann Arbor, MI MSA",United States,30.556,"366,376 "
34,Annecy,France,29.98,"183,697 "
35,"Anniston-Oxford, AL MSA",United States,5.466,"115,788 "
36,Anshan,China,80.968,"3,325,372 "
37,Antwerp metropolitan area,Belgium,66.063,"1,230,000 "
38,"Appleton, Wisconsin metropolitan area",United States,16.977,"244,845 "
39,Arnhem–Nijmegen metropolitan area,Netherlands,34.621,"774,506 "
40,"Asheville, NC MSA",United States,26.228,"476,072 "
41,Astana,Kazakhstan,23.115,"1,350,228 "
42,Asturias metropolitan area,Spain,27.152,"1,009,088 "
43,Athens Metropolitan Area,Greece,85.809,"3,526,887 "
44,"Athens-Clarke County, GA MSA",United States,12.628,"220,405 "
45,"Atlanta-Sandy Springs-Alpharetta, GA MSA",United States,525.888,"6,222,106 "
46,"Atlantic City-Hammonton, NJ MSA",United States,16.851,"275,638 "
47,"Auburn-Opelika, AL MSA",United States,8.256,"180,773 "
48,Auckland,New Zealand,81.227,"1,470,000 "
49,"Augusta-Richmond County, GA-SC MSA",United States,34.185,"624,083 "
50,"Austin-Round Rock-Georgetown, TX MSA",United States,222.054,"2,421,115 "
51,"Bakersfield, CA MSA",United States,57.541,"916,108 "
52,Balikpapan-Samarinda Metropolitan,Indonesia,29.901,"2,621,877 "
53,Ballarat,Australia,4.460,"108,491 "
54,"Baltimore-Columbia-Towson, MD MSA",United States,241.399,"2,835,672 "
55,Bandung Metropolitan,Indonesia,38.290,"8,790,308 "
56,Bangkok Metropolitan Region,Thailand,252.128,"19,900,000 "
57,"Bangor, ME MSA",United States,8.551,"153,704 "
58,Banjarmasin Metropolitan,Indonesia,6.017,"2,164,485 "
59,Baotou,China,40.412,"2,709,378 "
60,Barcelona metropolitan area,Spain,182.524,"5,105,991 "
61,"Barnstable Town, MA MSA",United States,16.351,"232,457 "
62,Barrie,Canada,6.453,"218,377 "
63,Batam Metropolitan,Indonesia,16.006,"1,885,481 "
64,"Baton Rouge, LA MSA",United States,62.951,"873,060 "
65,"Battle Creek, MI MSA",United States,7.728,"133,289 "
66,"Bay City, MI MSA",United States,4.592,"102,821 "
67,"Beaumont-Port Arthur, TX MSA",United States,29.007,"393,575 "
68,"Beckley, WV MSA",United States,5.187,"113,724 "
69,Belfast,United Kingdom,25.5,"671,559 "
70,Belgrade,Serbia,25.31,"1,430,000 "
71,"Belleville, Ontario",Canada,3.814,"113,045 "
72,"Bellingham, WA MSA",United States,19.595,"230,677 "
73,Belo Horizonte,Brazil,54.996,"4,744,599 "
74,"Bend, OR MSA",United States,13.878,"206,549 "
75,Bendigo,Australia,3.961,"99,416 "
76,Bengaluru,India,110,"13,200,000 "
77,Bergamo metropolitan area,Italy,40.539,"1,102,286 "
78,Berlin/Brandenburg Metropolitan Region,Germany,271.818,"4,679,500 "
79,Bhopal,India,5.35,"2,600,000 "
80,Bielefeld,Germany,16.19,"591,862 "
81,Bielsko-Biała,Poland,10.147,"169,756 "
82,Bilbao metropolitan area,Spain,37.568,"1,014,366 "
83,"Billings, MT MSA",United States,13.208,"190,208 "
84,"Binghamton, NY MSA",United States,12.659,"244,889 "
85,Birmingham,United Kingdom,39.1,"3,150,000 "
86,"Birmingham-Hoover, AL MSA",United States,79.098,"1,116,857 "
87,"Bismarck, ND MSA",United States,8.881,"134,846 "
88,"Blacksburg-Christiansburg, VA MSA",United States,9.060,"165,812 "
89,"Bloomington, IL MSA",United States,14.431,"171,141 "
90,"Bloomington, IN MSA",United States,9.085,"161,227 "
91,"Bloomsburg-Berwick, PA MSA",United States,5.205,"83,017 "
92,Bocholt metropolitan area,Germany,16.488,"71,074 "
93,"Boise, ID MSA",United States,49.947,"811,336 "
94,Bologna metropolitan area,Italy,45.648,"1,017,225 "
95,Bordeaux,France,73.813,"1,100,000 "
96,"Boston-Cambridge-Newton, MA-NH MSA",United States,504.167,"4,900,550 "
97,"Boulder, CO MSA",United States,35.608,"327,468 "
98,"Bowling Green, KY MSA",United States,9.794,"185,682 "
99,Brantford,Canada,4.58,"151,620 "
100,Brasília,Brazil,65.338,"3,548,438 "
101,Brașov,Romania,8.472,"371,802 "
102,Bratislava metropolitan area,Slovakia,33.072,"719,537 "
103,Breda,Netherlands,33.23,"324,812 "
104,Bremen,Germany,56.517,"1,274,429 "
105,"Bremerton-Silverdale-Port Orchard, WA MSA",United States,15.477,"277,673 "
106,Brescia metropolitan area,Italy,46.603,"1,250,527 "
107,Brest Métropole,France,32.956,"381,226 "
108,"Bridgeport-Stamford-Norwalk, CT MSA",United States,104.368,"962,946 "
109,Brisbane,Australia,177,"2,388,038 "
110,Bristol,United Kingdom,22.3,"465,866 "
111,Brno,Czech Republic,30.963,"398,510 "
112,"Brownsville-Harlingen, TX MSA",United States,14.259,"425,208 "
113,"Brunswick, GA MSA",United States,5.933,"114,442 "
114,Brussels metropolitan area,Belgium,237.08,"2,784,967 "
115,Bucharest Metropolitan Area,Romania,78.052,"2,200,000 "
116,Budapest metropolitan area,Hungary,86.93,"2,625,000 "
117,"Buffalo-Niagara Falls, NY MSA",United States,84.673,"1,161,192 "
118,"Burlington-South Burlington, VT MSA",United States,17.478,"227,521 "
119,"Burlington, NC MSA",United States,7.889,"176,353 "
120,Bursa,Turkey,33.641,"3,101,833 "
121,Busan-Gyeongnam Area,South Korea,252.145,"7,038,129 "
122,Bydgoszcz–Toruń metropolitan area,Poland,12.417,"752,655 "
123,Cádiz-Jerez metropolitan area,Spain,22.971,"639,560 "
124,Caen,France,25.054,"395,885 "
125,Cairns,Australia,10.709,"153,951 "
126,Calgary Metropolitan Region,Canada,76.548,"1,542,956 "
127,"California-Lexington Park, MD MSA",United States,8.849,"114,877 "
128,Campinas,Brazil,40.525,"1,874,487 "
129,Campo Grande,Brazil,9.59,"786,797 "
130,Campos dos Goytacazes,Brazil,5.358,"511,168 "
131,Canberra,Australia,30.909,"465,118 "
132,"Canton-Massillon, OH MSA",United States,22.880,"399,316 "
133,"Cape Coral-Fort Myers, FL MSA",United States,44.629,"822,453 "
134,"Cape Girardeau, MO-IL MSA",United States,5.282,"98,275 "
135,Cape Town,South Africa,56.300,"4,375,000 "
136,Caracas,Venezuela,70,"1,942,652 "
137,"Carbondale-Marion, IL MSA",United States,6.801,"132,693 "
138,Cardiff-Newport,United Kingdom,49.5,"1,552,527 "
139,"Carson City, NV MSA",United States,4.285,"58,130 "
140,Casablanca,Morocco,47.000,"4,625,000 "
141,"Casper, WY MSA",United States,6.273,"79,601 "
142,"Cedar Rapids, IA MSA",United States,22.009,"275,592 "
143,Central German Metropolitan Region,Germany,109.582,"2,411,051 "
144,"Chambersburg-Waynesboro, PA MSA",United States,7.457,"156,902 "
145,"Champaign-Urbana, IL MSA",United States,14.328,"223,265 "
146,Chandigarh,India,6,"2,575,000 "
147,Changchun,China,96.240,"9,066,906 "
148,Changde,China,54.355,"5,279,102 "
149,Changji Prefecture,China,20.113,"1,613,585 "
150,Changsha,China,208,"10,420,600 "
151,Charleroi,Belgium,16.93,"396,820 "
152,"Charleston-North Charleston, SC MSA",United States,56.933,"830,529 "
153,"Charleston, WV MSA",United States,14.891,"251,914 "
154,"Charlotte-Concord-Gastonia, NC-SC MSA",United States,228.913,"2,756,069 "
155,"Charlottesville, VA MSA",United States,17.190,"223,825 "
156,"Chattanooga, TN-GA MSA",United States,40.042,"574,507 "
157,Chengdu,China,260.409,"16,600,000 "
158,Chennai,India,128.3,"12,200,000 "
159,"Cheyenne, WY MSA",United States,7.545,"100,723 "
160,"Chicago–Naperville, IL–IN–WI CSA",United States,832.899,"9,806,184 "
161,"Chico, CA MSA",United States,11.077,"207,303 "
162,Chittagong,Bangladesh,25.5,"4,925,000 "
163,Chongqing,China,407.562,"10,100,000 "
164,Chuzhou,China,43.960,"3,937,868 "
165,"Cincinnati, OH-KY-IN MSA",United States,186.141,"2,265,051 "
166,"Clarksville, TN-KY MSA",United States,16.209,"336,605 "
167,Clermont-Ferrand,France,26.492,"362,578 "
168,"Cleveland-Elyria, OH MSA",United States,162.788,"2,063,132 "
169,"Cleveland, TN MSA",United States,6.296,"128,479 "
170,Cluj-Napoca,Romania,13.155,"286,598 "
171,Cocos (Keeling) Islands,Cocos (Keeling) Islands,0.011,561 
172,"Coeur d'Alene, ID MSA",United States,9.609,"183,578 "
173,Coimbatore,India,42,"2,775,000 "
174,Coimbra,Portugal,9.837,"140,796 "
175,"College Station-Bryan, TX MSA",United States,18.181,"277,824 "
176,"Colorado Springs, CO MSA",United States,47.905,"765,424 "
177,"Columbia, MO MSA",United States,12.514,"214,630 "
178,"Columbia, SC MSA",United States,54.072,"847,686 "
179,"Columbus, GA-AL MSA",United States,17.038,"324,110 "
180,"Columbus, IN MSA",United States,7.979,"83,540 "
181,"Columbus, OH MSA",United States,169.123,"2,161,511 "
182,Communauté d'agglomération Nîmes Métropole,France,23.471,"564,024 "
183,Communauté d'agglomération Pau Béarn Pyrénées,France,26.427,"311,949 "
184,Constanța,Romania,9.159,"263,688 "
185,Copenhagen metropolitan area,Denmark,179.846,"1,857,783 "
186,Córdoba metropolitan area,Spain,14.929,"326,039 "
187,"Corpus Christi, TX MSA",United States,28.228,"421,628 "
188,"Corvallis, OR MSA",United States,5.443,"97,630 "
189,Coventry,United Kingdom,13.9,"379,387 "
190,"Crestview-Fort Walton Beach-Destin, FL MSA",United States,21.491,"299,786 "
191,"Cumberland, MD-WV MSA",United States,4.342,"94,122 "
192,Curitiba,Brazil,58.082,"3,054,076 "
193,Daegu,South Korea,50.400,"2,750,000 "
194,Daejeon,South Korea,40.000,"1,540,000 "
195,Dalian,China,125,"5,050,000 "
196,"Dallas-Fort Worth-Arlington, TX MSA",United States,688.928,"7,943,685 "
197,"Dalton, GA MSA",United States,8.726,"143,604 "
198,"Danville, IL MSA",United States,3.946,"72,337 "
199,"Daphne-Fairhope-Foley, AL MSA",United States,10.811,"246,435 "
200,Daqing,China,33.362,"2,781,562 "
201,Dar es Salaam,Tanzania,10.4,"6,450,000 "
202,"Davenport-Moline-Rock Island, IA-IL MSA",United States,25.774,"379,374 "
203,"Dayton, OH MSA",United States,41.111,"812,595 "
204,"Decatur, AL MSA",United States,8.038,"157,425 "
205,"Decatur, IL MSA",United States,8.181,"101,483 "
206,"Deltona-Daytona Beach-Ormond Beach, FL MSA",United States,28.134,"705,897 "
207,Denpasar Metropolitan,Indonesia,9.941,"2,260,667 "
208,"Denver-Aurora-Lakewood, CO MSA",United States,288.800,"2,985,871 "
209,"Des Moines-West Des Moines, IA MSA",United States,67.334,"729,053 "
210,"Detroit-Warren-Dearborn, MI Metropolitan Statistical Area",United States,305.412,"4,345,761 "
211,Deyang,China,34.855,"3,456,161 "
212,Dijon Métropole,France,23.472,"368,440 "
213,Dongying,China,43.222,"2,193,518 "
214,"Dothan, AL MSA",United States,8.410,"152,517 "
215,"Dover, DE MSA",United States,9.920,"186,946 "
216,Dresden,Germany,50.788,"1,343,747 "
217,Dubai-Sharjah-Ajman metropolitan area,United Arab Emirates,202.800,"4,264,316 "
218,"Dubuque, IA MSA",United States,8.184,"98,677 "
219,"Duluth, MN-WI MSA",United States,16.822,"291,323 "
220,Durban,South Africa,64.700,"3,525,000 "
221,"Durham-Chapel Hill, NC MSA",United States,63.950,"664,310 "
222,"East Stroudsburg, PA MSA",United States,10.009,"167,198 "
223,"Eau Claire, WI MSA",United States,10.839,"173,644 "
224,Edinburgh,United Kingdom,32.9,"527,620 "
225,Edmonton Metropolitan Region,Canada,65.23,"1,467,219 "
226,Eindhoven,Netherlands,48.257,"300,751 "
227,"El Centro, CA MSA",United States,11.064,"178,713 "
228,"El Paso, TX MSA",United States,43.283,"872,195 "
229,"Elizabethtown-Fort Knox, KY MSA",United States,7.500,"157,026 "
230,"Elkhart-Goshen, IN MSA",United States,21.094,"206,890 "
231,"Elmira, NY MSA",United States,4.337,"81,426 "
232,"Enid, OK MSA",United States,3.319,"61,920 "
233,Enschede,Netherlands,27.337,"315,807 "
234,Erfurt,Germany,20.347,"213,227 "
235,"Erie, PA MSA",United States,13.171,"267,689 "
236,"Eugene-Springfield, OR MSA",United States,20.913,"382,353 "
237,European Metropolis of Lille,France,101.806,"1,300,000 "
238,"Evansville, IN-KY MSA",United States,25.278,"314,038 "
239,Ezhou,China,14.574,"1,079,353 "
240,"Fairbanks, AK MSA",United States,6.804,"95,356 "
241,Faisalabad,Pakistan,43,"3,204,704 "
242,Fangchenggang,China,10.624,"1,046,068 "
243,"Fargo, ND-MN MSA",United States,18.792,"258,663 "
244,"Farmington, NM MSA",United States,6.594,"120,418 "
245,"Fayetteville-Springdale-Rogers, AR MSA",United States,37.749,"576,403 "
246,"Fayetteville, NC MSA",United States,25.960,"529,318 "
247,"Flagstaff, AZ MSA",United States,9.080,"144,060 "
248,Flensburg,Germany,10.839,"113,800 "
249,"Flint, MI MSA",United States,17.635,"401,983 "
250,"Florence-Muscle Shoals, AL MSA",United States,6.540,"153,911 "
251,"Florence, SC MSA",United States,11.807,"199,119 "
252,"Fond du Lac, WI MSA",United States,6.203,"103,836 "
253,"Fort Collins, CO MSA",United States,25.923,"366,778 "
254,"Fort Smith, AR-OK MSA",United States,12.024,"247,072 "
255,"Fort Wayne, IN MSA",United States,28.565,"426,076 "
256,Fort-de-France,France,10.741,"74,921 "
257,Fortaleza,Brazil,21.7,"3,326,820 "
258,Freiburg im Breisgau,Germany,30.404,"656,753 "
259,"Fresno, CA MSA",United States,55.427,"1,015,190 "
260,Fukuoka–Kitakyushu,Japan,182.952,"4,750,000 "
261,Fuzhou,China,183,"4,450,000 "
262,"Gadsden, AL MSA",United States,3.489,"103,088 "
263,"Gainesville, FL MSA",United States,19.655,"348,282 "
264,"Gainesville, GA MSA",United States,15.264,"212,692 "
265,Gdansk metropolitan area,Poland,23.448,"1,098,379 "
266,Geelong,Australia,8.725,"271,848 "
267,Geneva,Switzerland,55.423,"506,343 "
268,George Town,Malaysia,27.535,"2,050,000 "
269,"Gettysburg, PA MSA",United States,4.429,"106,027 "
270,Ghent metropolitan area,Belgium,39.015,"561,524 "
271,Gibraltar,Gibraltar,3.265,"32,688 "
272,Gladstone,Australia,4.464,"45,130 "
273,Glasgow,United Kingdom,67.7,"1,861,315 "
274,"Glens Falls, NY MSA",United States,8.034,"126,440 "
275,Goiânia,Brazil,22.763,"2,078,438 "
276,Gold Coast,Australia,26.669,"679,127 "
277,"Goldsboro, NC MSA",United States,6.049,"117,286 "
278,Gothenburg,Sweden,104.766,"1,051,345 "
279,Granada metropolitan area,Spain,18.091,"495,900 "
280,Grand Besançon Métropole,France,19.018,"197,494 "
281,"Grand Forks, ND-MN MSA",United States,6.580,"103,144 "
282,"Grand Island, NE MSA",United States,5.387,"76,333 "
283,"Grand Junction, CO MSA",United States,8.218,"158,636 "
284,Grand Poitiers communauté urbaine,France,15.217,"266,160 "
285,"Grand Rapids-Kentwood, MI MSA",United States,77.296,"1,094,198 "
286,Grand Reims,France,23.619,"297,068 "
287,"Grants Pass, OR MSA",United States,3.658,"87,730 "
288,Graz,Austria,32.416,"351,369 "
289,"Great Falls, MT MSA",United States,4.781,"84,864 "
290,Greater Buenos Aires,Argentina,235.600,"13,700,000 "
291,Greater Cairo,Egypt,190.200,"21,500,000 "
292,Dhaka,Bangladesh,258.2,"21,300,000 "
293,Greater Dublin Area,Ireland,272.454,"1,400,000 "
294,Greater Helsinki,Finland,125.166,"1,320,000 "
295,Greater Manchester,United Kingdom,108.000,"2,812,569 "
296,Greater Manila Area,Philippines,162.3,"26,400,000 "
297,Greater Mexico City,Mexico,340.800,"21,804,515 "
298,Greater Montreal,Canada,170.53,"4,336,487 "
299,Greater São Paulo,Brazil,261.642,"22,600,000 "
300,Greater Sudbury,Canada,7.242,"172,476 "
301,Greater Tokyo Area,Japan,"2,080.758","40,700,000 "
302,Greater Toronto and Hamilton Area,Canada,349.201,"7,281,694 "
303,Greater Vancouver,Canada,122.113,"2,743,765 "
304,"Greeley, CO MSA",United States,27.344,"350,176 "
305,"Green Bay, WI MSA",United States,24.565,"330,292 "
306,"Greensboro-High Point, NC MSA",United States,49.029,"784,101 "
307,"Greenville-Anderson, SC MSA",United States,57.403,"958,958 "
308,"Greenville, NC MSA",United States,10.921,"173,542 "
309,Grenoble metropolitan area,France,53.606,"760,823 "
310,Groningen,Netherlands,22.301,"232,874 "
311,Guadalajara,Mexico,65.800,"5,750,000 "
312,Shenzhen,China,455.694,"14,678,000 "
313,Guangzhou,China,429,"18,676,000 "
314,Tianjin,China,243,"13,866,000 "
315,Suzhou,China,356,"12,748,000 "
316,Ningbo,China,234,"9,618,000 "
317,Foshan,China,189,"9,499,000 "
318,Nantong,China,169,"7,727,000 "
319,Dongguan,China,167,"10,466,000 "
320,Changzhou,China,142,"5,278,000 "
321,Guelph,Canada,7.891,"167,658 "
322,Guiyang,China,62.511,"5,987,018 "
323,Gujranwala,Pakistan,15.681,"5,011,066 "
324,"Gulfport-Biloxi, MS MSA",United States,23.511,"420,782 "
325,Gwangju,South Korea,36.000,"1,630,000 "
326,"Hagerstown-Martinsburg, MD-WV MSA",United States,13.990,"302,510 "
327,Haifa,Israel,25.082,"1,050,000 "
328,Haixi Prefecture,China,8.986,"468,216 "
329,"Halifax, Nova Scotia",Canada,18.228,"450,910 "
330,Hamamatsu,Japan,54.3,"800,866 "
331,Hamburg Metropolitan Region,Germany,261.306,"5,100,000 "
332,Hami,China,8.814,"673,383 "
333,"Hammond, LA MSA",United States,5.447,"137,048 "
334,"Hanford-Corcoran, CA MSA",United States,8.146,"152,981 "
335,Hangzhou,China,279.000,"12,500,000 "
336,Hannover–Braunschweig–Göttingen–Wolfsburg Metropolitan Region,Germany,186.167,"3,845,271 "
337,Hanoi,Vietnam,42.04,"8,053,663 "
338,Harbin,China,94.1,"10,009,854 "
339,"Harrisburg-Carlisle, PA MSA",United States,47.815,"603,493 "
340,"Harrisonburg, VA MSA",United States,10.226,"136,555 "
341,"Hartford-East Hartford-Middletown, CT MSA",United States,114.887,"1,221,725 "
342,"Hattiesburg, MS MSA",United States,7.901,"173,359 "
343,Hefei,China,179,"7,150,000 "
344,Heidelberg,Germany,34.067,"1,544,830 "
345,"Hickory-Lenoir-Morganton, NC MSA",United States,18.281,"368,347 "
346,"Hilton Head Island-Bluffton, SC MSA",United States,12.497,"228,410 "
347,"Hinesville, GA MSA",United States,4.768,"86,378 "
348,Hiroshima,Japan,61.3,"2,860,750 "
349,Ho Chi Minh City metropolitan area,Vietnam,96.399,"10,900,000 "
350,Hobart,Australia,11.388,"218,874 "
351,Hohhot,China,40.605,"3,446,100 "
352,"Homosassa Springs, FL MSA",United States,5.664,"162,529 "
353,Hong Kong,China,406.775,"7,588,000 "
354,"Hot Springs, AR MSA",United States,4.200,"100,089 "
355,"Houma-Thibodaux, LA MSA",United States,10.812,"200,656 "
356,"Houston-The Woodlands-Sugar Land, TX MSA",United States,633.184,"7,340,118 "
357,Hsinchu,Taiwan,11.980,"448,207 "
358,Huai'an,China,58.361,"4,556,230 "
359,"Huntington-Ashland, WV-KY-OH MSA",United States,18.046,"354,304 "
360,"Huntsville, AL MSA",United States,38.101,"514,465 "
361,Hyderabad,India,74,"9,482,000 "
362,Iași,Romania,8.682,"423,154 "
363,"Idaho Falls, ID MSA",United States,11.248,"165,608 "
364,"Indianapolis-Carmel-Anderson, IN MSA",United States,184.394,"2,141,779 "
365,Indore,India,8.1,"3,175,000 "
366,Innsbruck,Austria,15.921,"228,866 "
367,"Iowa City, IA MSA",United States,12.900,"178,991 "
368,Iserlohn,Germany,16.739,"91,873 "
369,Istanbul metropolitan area,Turkey,275.365,"16,500,000 "
370,"Ithaca, NY MSA",United States,7.274,"104,777 "
371,İzmir,Turkey,51.460,"3,050,000 "
372,"Jackson, MI MSA",United States,7.990,"160,066 "
373,"Jackson, MS MSA",United States,34.043,"583,197 "
374,"Jackson, TN MSA",United States,10.814,"181,579 "
375,"Jacksonville, FL MSA",United States,117.162,"1,675,668 "
376,"Jacksonville, NC MSA",United States,10.737,"207,298 "
377,Jaipur,India,15,"4,050,000 "
378,Jakarta metropolitan area,Indonesia,323.030,"34,307,088 "
379,"Janesville-Beloit, WI MSA",United States,9.277,"164,060 "
380,Jeddah,Saudi Arabia,138.970,"5,500,000 "
381,"Jefferson City, MO MSA",United States,9.698,"150,350 "
382,Jerusalem,Israel,48.0,"1,008,400 "
383,Jiayuguan,China,4.083,"312,663 "
384,Jinan,China,179,"6,200,000 "
385,Jinchang,China,5.199,"438,026 "
386,Beijing,China,618.648,"21,500,000"
387,Jingmen,China,27.640,"2,596,927 "
388,Jiujiang,China,46.981,"4,600,276 "
389,Johannesburg,South Africa,134.682,"8,400,042 "
390,"Johnson City, TN MSA",United States,9.943,"210,256 "
391,"Johnstown, PA MSA",United States,5.499,"131,441 "
392,"Jonesboro, AR MSA",United States,7.016,"135,512 "
393,"Joplin, MO MSA",United States,9.407,"184,086 "
394,Jundiaí,Brazil,20.081,"698,679 "
395,Kabul,Afghanistan,6.000,"4,800,000 "
396,Kagoshima,Japan,53.0,"1,588,256 "
397,"Kahului-Wailuku-Lahaina, HI MSA",United States,11.649,"164,351 "
398,Kaiserslautern,Germany,9.577,"124,300 "
399,"Kalamazoo-Portage, MI MSA",United States,18.786,"261,173 "
400,"Kankakee, IL MSA",United States,8.320,"106,074 "
401,"Kansas City, MO-KS MSA",United States,169.501,"2,209,494 "
402,Kaohsiung,Taiwan,58.071,"2,775,000 "
403,Karachi,Pakistan,176.2,"14,910,352 "
404,Karamay,China,12.858,"490,348 "
405,Karlsruhe,Germany,43.054,"504,030 "
406,Kassel,Germany,19.433,"340,200 "
407,Katowice metropolitan area,Poland,52.713,"2,486,510 "
408,Kaunas urban area,Lithuania,14.406,"298,753 "
409,Kelowna,Canada,8.401,"223,529 "
410,"Kennewick-Richland, WA MSA",United States,19.553,"311,469 "
411,Kiel,Germany,26.831,"325,300 "
412,Kielce,Poland,9.144,"192,468 "
413,"Killeen-Temple, TX MSA",United States,24.105,"496,228 "
414,"Kingsport-Bristol, TN-VA MSA",United States,17.596,"311,272 "
415,"Kingston, NY MSA",United States,9.053,"182,319 "
416,"Kingston, Ontario",Canada,6.873,"176,176 "
417,"Kitchener, Ontario",Canada,24.529,"593,397 "
418,"Knoxville, TN MSA",United States,58.893,"907,968 "
419,Koblenz,Germany,17.01,"113,638 "
420,"Kokomo, IN MSA",United States,5.079,"83,574 "
421,Kolkata,India,160.2,"17,200,000 "
422,"Konstanz, metropolitan area",Germany,12.212,"288,097 "
423,Košice,Slovakia,14.243,"228,249 "
424,Kraków metropolitan area,Poland,29.165,"1,498,499 "
425,Kuala Lumpur,Malaysia,59.831,"8,900,000 "
426,Kumamoto,Japan,39.8,"1,817,426 "
427,Kunming,China,97.628,"8,460,088 "
428,Kuwait City,Kuwait,118.000,"4,750,000 "
429,Kyiv,Ukraine,27.5,"3,475,000 "
430,Kyoto–Osaka–Kobe,Japan,699.474,"17,700,000 "
431,"La Crosse-Onalaska, WI-MN MSA",United States,9.693,"139,094 "
432,"Lafayette-West Lafayette, IN MSA",United States,14.002,"226,452 "
433,"Lafayette, LA MSA",United States,24.996,"481,125 "
434,Lagos metropolitan area,Nigeria,102.010,"20,100,000 "
435,Lahore,Pakistan,40.000,"13,900,000 "
436,"Lake Charles, LA MSA",United States,18.574,"207,320 "
437,"Lake Havasu City-Kingman, AZ MSA",United States,7.715,"220,816 "
438,"Lakeland-Winter Haven, FL MSA",United States,37.305,"787,404 "
439,"Lancaster, PA MSA",United States,36.312,"556,629 "
440,"Lansing-East Lansing, MI MSA",United States,32.633,"540,870 "
441,"Laredo, TX MSA",United States,17.010,"267,780 "
442,"Las Cruces, NM MSA",United States,9.336,"223,337 "
443,Las Palmas metropolitan area,Spain,16.93,"556,159 "
444,"Las Vegas-Henderson-Paradise, NV MSA",United States,160.728,"2,322,985 "
445,Launceston,Australia,3.961,"89,532 "
446,"Lawrence, KS MSA",United States,6.176,"119,964 "
447,"Lawton, OK MSA",United States,6.198,"128,523 "
448,Le Mans Métropole,France,18.533,"267,560 "
449,"Lebanon, PA MSA",United States,7.510,"144,011 "
450,Leeds,United Kingdom,37.1,"2,175,000 "
451,Leeuwarden metropolitan area,Netherlands,11.749,"124,084 "
452,Leiden,Netherlands,18.472,"270,225 "
453,Les Abymes,France,10.807,"52,118 "
454,Lethbridge,Canada,5.059,"128,795 "
455,"Lewiston-Auburn, ME MSA",United States,6.001,"113,023 "
456,"Lewiston, ID-WA MSA",United States,3.641,"65,512 "
457,"Lexington-Fayette, KY MSA",United States,35.670,"517,916 "
458,Lhasa,China,9.832,"867,891 "
459,Lianyungang,China,47.512,"4,599,360 "
460,Liège,Belgium,31.085,"500,903 "
461,Lima,Peru,114.400,"11,283,787 "
462,"Lima, OH MSA",United States,10.789,"101,115 "
463,Limoges metropolitan area,France,12.558,"296,099 "
464,"Lincoln, NE MSA",United States,25.459,"342,448 "
465,Linz,Austria,43.918,"271,234 "
466,Lisbon metropolitan area,Portugal,103.33,"2,500,000 "
467,"Little Rock-North Little Rock-Conway, AR MSA",United States,47.322,"757,615 "
468,Liuzhou,China,46.060,"4,157,934 "
469,Liverpool,United Kingdom,21.9,"506,565 "
470,Ljubljana,Slovenia,23.937,"294,464 "
471,Łódź metropolitan area,Poland,21.779,"1,112,069 "
472,"Logan, UT-ID MSA",United States,8.009,"155,362 "
473,London metropolitan area,United Kingdom,978.402,"14,800,000 "
474,"London, Ontario",Canada,20.818,"550,605 "
475,"Longview, TX MSA",United States,20.259,"291,219 "
476,"Longview, WA MSA",United States,6.626,"111,956 "
477,Longyan,China,41.623,"2,723,637 "
478,"Los Angeles–Long Beach, CA CSA",United States,"1,227.469","18,372,485 "
479,"Louisville/Jefferson County, KY-IN MSA",United States,90.836,"1,284,553 "
480,"Lubbock, TX MSA",United States,18.116,"328,283 "
481,Lublin,Poland,10.065,"664,000 "
482,Lucknow,India,3.83,"4,000,000 "
483,Luoyang,China,74.352,"2,550,000 "
484,Luxembourg metropolitan area,Luxembourg,85.503,"643,941 "
485,"Lynchburg, VA MSA",United States,12.464,"263,613 "
486,Maanshan,China,31.706,"2,159,930 "
487,Macao,China,54.677,"692,000 "
488,Mackay,Australia,6.540,"80,148 "
489,"Macon-Bibb County, GA MSA",United States,12.760,"233,916 "
490,"Madera, CA MSA",United States,7.738,"160,256 "
491,"Madison, WI MSA",United States,60.909,"687,077 "
492,Madrid Metropolitan Area,Spain,277.508,"6,980,646 "
493,Magdeburg,Germany,18.25,"295,200 "
494,Makassar Metropolitan,Indonesia,17.052,"2,900,468 "
495,Málaga metropolitan area,Spain,32.26,"1,030,000 "
496,Malmö,Sweden,64.427,"748,433 "
497,Manado Metropolitan,Indonesia,5.487,"1,008,126 "
498,Manaus,Brazil,30.375,"1,802,014 "
499,"Manchester-Nashua, NH MSA",United States,34.533,"426,594 "
500,"Manhattan, KS MSA",United States,8.457,"133,072 "
501,"Mankato, MN MSA",United States,6.831,"104,072 "
502,"Mansfield, OH MSA",United States,5.494,"125,319 "
503,Mataram  Metropolitan,Indonesia,5.491,"3,808,908 "
504,"McAllen-Edinburg-Mission, TX MSA",United States,27.685,"888,367 "
505,Medan Metropolitan,Indonesia,28.248,"5,106,670 "
506,Medellín,Colombia,35.000,"4,225,000 "
507,"Medford, OR MSA",United States,12.024,"221,644 "
508,Melbourne,Australia,318.677,"5,050,000 "
509,"Memphis, TN-MS-AR MSA",United States,96.183,"1,332,305 "
510,"Merced, CA MSA",United States,11.560,"290,014 "
511,Métropole du Grand Nancy,France,24.59,"427,697 "
512,Métropole Nice Côte d'Azur,France,47.361,"1,101,039 "
513,Métropole Rouen Normandie,France,49.637,"499,830 "
514,Metropolis of Lyon,France,116.412,"1,424,069 "
515,Metropolitan Area of Bogotá,Colombia,121.800,"10,200,000 "
516,Metropolitan City of Bari,Italy,30.011,"1,223,102 "
517,Metropolitan City of Cagliari,Italy,12.645,"419,553 "
518,Metropolitan City of Catania,Italy,22.017,"1,068,482 "
519,Metropolitan City of Florence,Italy,39.496,"1,000,111 "
520,Metropolitan City of Genoa,Italy,30.556,"564,981 "
521,Metropolitan City of Messina,Italy,12.441,"598,811 "
522,Metropolitan City of Palermo,Italy,25.53,"647,160 "
523,Metropolitan Cork,Ireland,117.882,"270,000 "
524,"Miami-Fort Lauderdale-Pompano Beach, FL MSA",United States,483.755,"6,139,340 "
525,"Michigan City-La Porte, IN MSA",United States,5.286,"111,675 "
526,"Midland, MI MSA",United States,7.047,"83,674 "
527,"Midland, TX MSA",United States,55.015,"177,216 "
528,Milan metropolitan area,Italy,233.596,"4,985,668 "
529,"Milwaukee-Waukesha, WI MSA",United States,120.563,"1,559,792 "
530,"Minneapolis-St. Paul-Bloomington, MN-WI MSA",United States,333.102,"3,693,729 "
531,Minsk,Belarus,19.913,"1,995,471 "
532,"Missoula, MT MSA",United States,7.710,"121,041 "
533,"Mobile, AL MSA",United States,27.361,"426,533 "
534,"Modesto, CA MSA",United States,28.674,"551,275 "
535,Monaco,Monaco,6.816,"39,150 "
536,Moncton,Canada,6.031,"159,177 "
537,"Monroe, LA MSA",United States,9.650,"202,869 "
538,"Monroe, MI MSA",United States,7.119,"155,609 "
539,Monterrey,Mexico,140,"5,324,281 "
540,Montevideo,Uruguay,53.9,"1,870,000 "
541,"Montgomery, AL MSA",United States,22.080,"385,460 "
542,Montpellier Méditerranée Métropole,France,45.031,"487,519 "
543,"Morgantown, WV MSA",United States,9.657,"141,041 "
544,"Morristown, TN MSA",United States,6.730,"146,172 "
545,Moscow metropolitan area,Russia,504.808,"21,700,000 "
546,"Mount Vernon-Anacortes, WA MSA",United States,8.773,"131,179 "
547,Mulhouse Alsace Agglomération,France,27.213,"356,125 "
548,Multan,Pakistan,12.000,"2,225,000 "
549,Mumbai,India,277.98,"22,300,000 "
550,"Muncie, IN MSA",United States,5.102,"112,031 "
551,Munich Metropolitan Region,Germany,384.582,"2,926,802 "
552,Murcia metropolitan area,Spain,33.946,"1,528,828 "
553,"Muskegon, MI MSA",United States,7.408,"176,565 "
554,"Myrtle Beach-Conway-North Myrtle Beach, SC-NC MSA",United States,25.132,"536,165 "
555,Nagoya,Japan,379.301,"10,500,000 "
556,Nagpur,India,19,"3,127,000 "
557,Nairobi,Kenya,30,"4,750,056 "
558,Namur metropolitan area,Belgium,12.559,"319,355 "
559,Nanchang,China,83.300,"6,255,007 "
560,Nanjing,China,251.000,"8,850,000 "
561,Nanning,China,54.299,"7,765,411 "
562,Nanping,China,29.104,"2,680,645 "
563,Nantes,France,65.457,"859,972 "
564,"Napa, CA MSA",United States,13.166,"134,300 "
565,Naples metropolitan area,Italy,64.296,"3,349,233 "
566,"Naples-Marco Island, FL MSA",United States,28.083,"397,994 "
567,"Nashville-Davidson–Murfreesboro–Franklin, TN MSA",United States,187.781,"2,046,828 "
568,National Capital Region (Delhi),India,272.603,"31,300,000 "
569,Neubrandenburg,Germany,8.714,"63,043 "
570,"New Bern, NC MSA",United States,6.619,"122,488 "
571,"New Haven-Milford, CT MSA",United States,61.456,"869,527 "
572,"New Orleans-Metairie, LA MSA",United States,94.031,"1,246,176 "
573,"New York–Newark, NY-NJ-CT-PA CSA",United States,"2,163.208","21,914,996	"
574,Newcastle,Australia,11.554,"492,805 "
575,Nicosia,Cyprus,28.407,"350,824 "
576,Niigata,Japan,43.3,"2,374,450 "
577,"Niles, MI MSA",United States,9.030,"152,900 "
578,Ningde,China,37.971,"3,146,789 "
579,"North Port-Sarasota-Bradenton, FL MSA",United States,49.369,"891,411 "
580,Northwest Metropolitan Region,Germany,115.73,"2,797,706 "
581,"Norwich-New London, CT MSA",United States,22.049,"268,681 "
582,Nuremberg Metropolitan Region,Germany,169.195,"3,610,543 "
583,Nyingchi,China,2.774,"238,936 "
584,"Ocala, FL MSA",United States,14.033,"396,415 "
585,"Ocean City, NJ MSA",United States,6.533,"95,634 "
586,Odense,Denmark,25.361,"205,509 "
587,"Odessa, TX MSA",United States,14.192,"160,869 "
588,Offenburg,Germany,20.259,"88,600 "
589,"Ogden-Clearfield, UT MSA",United States,39.168,"713,839 "
590,Okayama,Japan,63.1,"1,945,276 "
591,"Oklahoma City, OK MSA",United States,94.742,"1,459,380 "
592,"Olympia-Lacey-Tumwater, WA MSA",United States,17.927,"298,758 "
593,"Omaha-Council Bluffs, NE-IA MSA",United States,85.021,"976,671 "
594,Opole,Poland,8.559,"146,522 "
595,Orange,Australia,3.204,"40,493 "
596,Ordos,China,51.232,"2,153,638 "
597,"Orlando-Kissimmee-Sanford, FL MSA",United States,194.472,"2,764,182 "
598,Orléans,France,27.499,"453,067 "
599,Oshawa,Canada,10.321,"424,757 "
600,"Oshkosh-Neenah, WI MSA",United States,12.398,"170,718 "
601,Oslo,Norway,73.715,"1,190,000 "
602,Osnabrück,Germany,23.005,"272,674 "
603,Ostrava metropolitan area,Czech Republic,25.054,"949,291 "
604,Ottawa–Gatineau,Canada,67.042,"1,462,582 "
605,"Owensboro, KY MSA",United States,6.742,"121,348 "
606,"Oxnard-Thousand Oaks-Ventura, CA MSA",United States,62.329,"832,605 "
607,Padang Metropolitan,Indonesia,6.213,"1,441,760 "
608,Paderborn,Germany,12.659,"309,380 "
609,Padua–Treviso–Venice metropolitan area,Italy,34.796,"2,748,420 "
610,Palembang Metropolitan,Indonesia,16.561,"3,722,087 "
611,"Palm Bay-Melbourne-Titusville, FL MSA",United States,34.626,"630,693 "
612,Palma de Mallorca metropolitan area,Spain,24.507,"422,587 "
613,Pamplona metropolitan area,Spain,21.636,"359,435 "
614,"Panama City, FL MSA",United States,11.683,"185,134 "
615,Panjin,China,18.900,"1,389,691 "
616,Panzhihua,China,15.090,"1,212,203 "
617,Paris metropolitan area,France,934.168,"14,800,000 "
618,"Parkersburg-Vienna, WV MSA",United States,4.354,"88,431 "
619,Parma,Italy,19.202,"450,854 "
620,Patna,India,30,"2,800,000 "
621,Pekanbaru Metropolitan,Indonesia,25.279,"2,718,278 "
622,"Pensacola-Ferry Pass-Brent, FL MSA",United States,27.080,"523,146 "
623,"Peoria, IL MSA",United States,26.282,"396,466 "
624,Perpignan Méditerranée Métropole,France,14.43,"292,142 "
625,Perth,Australia,111.056,"2,087,086 "
626,Perugia metropolitan area,Italy,18.509,"637,598 "
627,"Peterborough, Ontario",Canada,3.657,"131,665 "
628,Pforzheim,Germany,12.932,"215,100 "
629,"Philadelphia-Camden-Wilmington, PA-NJ-DE-MD MSA",United States,518.485,"6,241,164 "
630,"Phoenix-Mesa-Chandler, AZ MSA",United States,362.087,"5,015,678 "
631,"Pine Bluff, AR MSA",United States,4.122,"84,629 "
632,"Pittsburgh, PA MSA",United States,181.485,"2,349,172 "
633,"Pittsfield, MA MSA",United States,8.155,"127,859 "
634,Ploiești,Romania,8.827,"180,540 "
635,Plzeň,Czech Republic,13.742,"174,007 "
636,"Pocatello, ID MSA",United States,4.229,"97,585 "
637,"Port St. Lucie, FL MSA",United States,24.146,"520,710 "
638,"Portland-South Portland, ME MSA",United States,43.764,"561,576 "
639,"Portland-Vancouver-Hillsboro, OR-WA MSA",United States,204.319,"2,509,489 "
640,Porto Alegre,Brazil,45.506,"3,701,525 "
641,Porto metropolitan area,Portugal,40.868,"1,550,000 "
642,Poznań metropolitan area,Poland,33.829,"546,859 "
643,Prague metropolitan area,Czech Republic,130.085,"1,460,000 "
644,Prato,Italy,8.564,"195,213 "
645,"Prescott Valley–Prescott, AZ MSA",United States,6.111,"236,209 "
646,Pretoria,South Africa,56.286,"7,426,673 "
647,"Providence-Warwick, RI-MA MSA",United States,105.571,"1,673,802 "
648,"Provo-Orem, UT MSA",United States,40.761,"715,001 "
649,Puebla,Mexico,31.102,"3,903,485 "
650,"Pueblo, CO MSA",United States,7.836,"169,544 "
651,Pune,India,69,"9,429,408 "
652,"Punta Gorda, FL MSA",United States,7.714,"202,661 "
653,Putian,China,38.333,"3,210,714 "
654,Qingdao,China,222,"7,050,000 "
655,Quanzhou,China,180,"8,782,285 "
656,Quebec City,Canada,35.742,"832,021 "
657,Quzhou,China,23.764,"2,276,184 "
658,"Racine, WI MSA",United States,9.909,"195,846 "
659,"Raleigh-Cary, NC MSA",United States,119.675,"1,484,338 "
660,"Rapid City, SD MSA",United States,8.459,"145,159 "
661,"Reading, PA MSA",United States,23.751,"430,449 "
662,Recife,Brazil,22.81,"3,741,898 "
663,"Redding, CA MSA",United States,9.921,"180,930 "
664,Regensburg,Germany,25.618,"243,200 "
665,Reggio Emilia metropolitan area,Italy,21.133,"525,366 "
666,"Regina, Saskatchewan",Canada,13.02,"263,236 "
667,Rennes Métropole,France,48.287,"624,744 "
668,"Reno, NV MSA",United States,40.095,"500,915 "
669,Frankfurt Rhine-Main Metropolitan Region,Germany,197.259,"5,808,518 "
670,Rhine-Neckar Metropolitan Region,Germany,113.354,"2,362,000 "
671,"Richmond, VA MSA",United States,109.513,"1,339,182 "
672,Riga metropolitan area,Latvia,25.207,"663,012 "
673,Rio de Janeiro metropolitan area,Brazil,195.095,"13,463,349 "
674,"Riverside-San Bernardino-Ontario, CA MSA",United States,237.913,"4,667,558 "
675,Riyadh,Saudi Arabia,243.793,"7,009,000 "
676,"Roanoke, VA MSA",United States,19.936,"314,340 "
677,"Rochester, MN MSA",United States,16.500,"228,073 "
678,"Rochester, NY MSA",United States,75.085,"1,081,152 "
679,"Rockford, IL MSA",United States,18.129,"335,342 "
680,Rockhampton,Australia,5.342,"78,592 "
681,"Rocky Mount, NC MSA",United States,8.097,"144,090 "
682,Rome metropolitan area,Italy,175.336,"4,325,591 "
683,"Rome, GA MSA",United States,4.947,"99,443 "
684,Rostock,Germany,15.661,"243,000 "
685,Rotterdam,Netherlands,112.578,"1,876,165 "
686,Rzeszów,Poland,8.547,"195,871 "
687,Saarbrücken,Germany,33.295,"700,000 "
688,"Sacramento-Roseville-Folsom, CA MSA",United States,176.276,"2,416,702 "
689,"Saginaw, MI MSA",United States,10.091,"188,330 "
690,"Saguenay, Quebec",Canada,6.345,"163,335 "
691,"Saint John, New Brunswick",Canada,4.747,"131,935 "
692,Saint Petersburg,Russia,128.000,"6,200,000 "
693,Saint-Étienne Métropole,France,26.675,"425,495 "
694,"Salem, OR MSA",United States,24.075,"436,317 "
695,"Salinas, CA MSA",United States,33.249,"432,858 "
696,"Salisbury, MD-DE MSA",United States,28.573,"439,032 "
697,"Salt Lake City, UT MSA",United States,135.409,"1,266,191 "
698,Salvador,Brazil,17.98,"3,600,000 "
699,Salzburg,Austria,23.287,"157,245 "
700,"San Angelo, TX MSA",United States,9.238,"121,839 "
701,"San Antonio-New Braunfels, TX MSA",United States,163.061,"2,655,342 "
702,"San Diego-Chula Vista-Carlsbad, CA MSA",United States,295.645,"3,276,208 "
703,"San Jose-San Francisco–Oakland, CA CSA",United States,"1,383.000","6,518,123 "
704,San Juan,Puerto Rico,45.461,"1,920,000 "
705,"San Luis Obispo-Paso Robles, CA MSA",United States,21.713,"282,013 "
706,San Marino,San Marino,2.034,"34,000 "
707,San Sebastián metropolitan area,Spain,24.897,"428,187 "
708,Sanmenxia,China,21.033,"2,034,872 "
709,Sanming,China,39.177,"2,486,450 "
710,Santa Cruz de Tenerife metropolitan area,Spain,19.575,"434,083 "
711,"Santa Cruz-Watsonville, CA MSA",United States,19.176,"264,370 "
712,"Santa Fe, NM MSA",United States,8.797,"155,664 "
713,"Santa Maria-Santa Barbara, CA MSA",United States,36.081,"443,837 "
714,"Santa Rosa-Petaluma, CA MSA",United States,36.877,"482,650 "
715,Santander metropolitan area,Spain,14.665,"256,025 "
716,Santiago Metropolitan Region,Chile,128.800,"8,050,000 "
717,Santiago de Cali,Colombia,22.100,"2,925,000 "
718,Santos,Brazil,28.609,"1,556,718 "
719,São José dos Campos,Brazil,30.148,"1,419,657 "
720,São José dos Pinhais,Brazil,14.726,"264,210 "
721,Sapporo,Japan,84.7,"1,913,545 "
722,Saskatoon,Canada,15.059,"336,850 "
723,"Savannah, GA MSA",United States,29.452,"418,373 "
724,Schweinfurt,Germany,12.847,"100,500 "
725,"Scranton–Wilkes-Barre, PA MSA",United States,32.328,"567,998 "
726,"Seattle-Tacoma-Bellevue, WA MSA",United States,517.803,"4,034,248 "
727,"Sebastian-Vero Beach, FL MSA",United States,9.573,"167,352 "
728,"Sebring-Avon Park, FL MSA",United States,3.215,"105,618 "
729,Semarang Metropolitan,Indonesia,26.057,"6,608,815 "
730,Sendai,Japan,50,"1,082,159 "
731,Seoul Capital Area,South Korea,878.535,"24,800,000 "
732,Seville metropolitan area,Spain,42.016,"1,558,006 "
733,Shanghai,China,663.874,"24,890,106"
734,Shantou,China,34.8,"5,502,031 "
735,Shaoxing,China,86.999,"5,270,977 "
736,"Sheboygan, WI MSA",United States,8.087,"117,841 "
737,Sheffield,United Kingdom,40.6,"1,570,000 "
738,Shenyang,China,95.276,"8,000,000 "
739,Sherbrooke,Canada,7.02,"224,456 "
740,"Sherman-Denison, TX MSA",United States,6.331,"143,131 "
741,Shijiazhuang,China,81.252,"11,235,086 "
742,Shizuishan,China,7.853,"751,389 "
743,Shizuoka,Japan,45.8,"3,765,007 "
744,"Shreveport-Bossier City, LA MSA",United States,27.363,"385,154 "
745,Shuozhou,China,15.955,"1,593,444 "
746,Siegen,Germany,16.336,"101,516 "
747,"Sierra Vista-Douglas, AZ MSA",United States,5.698,"125,663 "
748,Singapore,Singapore,525.228,"5,938,000 "
749,"Sioux City, IA-NE-SD MSA",United States,10.918,"149,240 "
750,"Sioux Falls, SD MSA",United States,27.770,"289,592 "
751,Sofia metropolitan area,Bulgaria,33.042,"1,300,000 "
752,Sorocaba,Brazil,21.313,"779,704 "
753,"South Bend-Mishawaka, IN-MI MSA",United States,19.042,"323,637 "
754,"Spartanburg, SC MSA",United States,19.485,"345,831 "
755,"Spokane-Spokane Valley, WA MSA",United States,35.689,"597,919 "
756,"Springfield, IL MSA",United States,13.952,"206,655 "
757,"Springfield, MA MSA",United States,40.110,"694,523 "
758,"Springfield, MO MSA",United States,26.687,"487,061 "
759,"Springfield, OH MSA",United States,5.500,"134,831 "
760,St. Catharines–Niagara Falls,Canada,12.979,"437,080 "
761,"St. Cloud, MN MSA",United States,12.943,"201,868 "
762,"St. George, UT MSA",United States,9.561,"197,680 "
763,"St. John's, Newfoundland and Labrador",Canada,9.628,"213,919 "
764,"St. Joseph, MO-KS MSA",United States,6.873,"119,690 "
765,"St. Louis, MO-IL MSA",United States,209.936,"2,801,319 "
766,"State College, PA MSA",United States,10.325,"158,425 "
767,"Staunton, VA MSA",United States,6.332,"126,776 "
768,Stockholm metropolitan area,Sweden,203.899,"2,308,143 "
769,"Stockton, CA MSA",United States,40.228,"793,229 "
770,Strasbourg,France,49.09,"1,150,899 "
771,Stuttgart Metropolitan Region,Germany,294.957,"2,400,000 "
772,"Sumter, SC MSA",United States,5.801,"134,925 "
773,Sunshine Coast,Australia,13.813,"333,436 "
774,Surabaya Metropolitan,Indonesia,88.821,"11,800,657 "
775,Surat,India,59.8,"6,600,000 "
776,Sydney,Australia,398.037,"5,400,000 "
777,"Syracuse, NY MSA",United States,49.281,"653,633 "
778,Szczecin metropolitan area,Poland,13.822,"750,000 "
779,Taichung,Taiwan,63.910,"3,033,840 "
780,Tainan,Taiwan,37.038,"1,875,076 "
781,Taipei–Keelung metropolitan area,Taiwan,407.838,"9,150,000 "
782,Taiyuan,China,60.215,"5,304,061 "
783,"Taizhou, Jiangsu",China,77.015,"4,512,762 "
784,"Taizhou, Zhejiang",China,76.300,"6,622,888 "
785,"Tallahassee, FL MSA",United States,22.394,"390,992 "
786,Tallinn metropolitan area,Estonia,22.797,"638,076 "
787,"Tampa-St. Petersburg-Clearwater, FL MSA",United States,219.414,"3,290,730 "
788,Tampere,Finland,23.987,"241,009 "
789,Tangshan,China,132,"2,600,000 "
790,Taoyuan,Taiwan,52.010,"2,254,363 "
791,Taranto metropolitan area,Italy,11.518,"555,999 "
792,Tbilisi,Georgia,8.0,"1,184,818 "
793,Tel Aviv metropolitan area,Israel,310.00,"4,260,000 "
794,"Terre Haute, IN MSA",United States,9.774,"184,875 "
795,"Texarkana, TX-AR MSA",United States,6.746,"146,408 "
796,The Hague,Netherlands,60.105,"1,116,798 "
797,"The Villages, FL MSA",United States,5.785,"144,970 "
798,Thessaloniki,Greece,16.452,"1,104,023 "
799,Thunder Bay,Canada,4.658,"126,502 "
800,Tilburg,Netherlands,21.869,"221,947 "
801,Timișoara metropolitan area,Romania,11.526,"430,071 "
802,Tokelau,Tokelau,0.009,"1,499 "
803,"Toledo, OH MSA",United States,45.846,"640,384 "
804,Toowoomba,Australia,7.118,"136,861 "
805,"Topeka, KS MSA",United States,14.388,"231,783 "
806,Toulouse Métropole,France,65.456,"1,445,789 "
807,Tours Métropole Val de Loire,France,23.795,"392,030 "
808,Townsville,Australia,9.075,"180,820 "
809,"Trenton-Princeton, NJ MSA",United States,49.620,"380,688 "
810,Trois-Rivières,Canada,5.134,"163,374 "
811,"Tucson, AZ MSA",United States,55.800,"1,057,597 "
812,"Tulsa, OK MSA",United States,61.966,"1,034,123 "
813,Turin metropolitan area,Italy,78.268,"1,728,714 "
814,Turku metropolitan area,Finland,21.939,"346,662 "
815,"Tuscaloosa, AL MSA",United States,13.818,"277,494 "
816,"Twin Falls, Idaho",United States,5.878,"116,645 "
817,"Tyler, TX MSA",United States,14.729,"241,922 "
818,Uberlandia,Brazil,14.728,"604,013 "
819,Ulm,Germany,26.464,"126,949 "
820,Uppsala,Sweden,19.237,"388,394 "
821,"Urban Honolulu, HI MSA",United States,74.422,"995,638 "
822,Ürümqi,China,48.385,"4,054,369 "
823,"Utica-Rome, NY MSA",United States,15.115,"288,668 "
824,Utrecht,Netherlands,88.005,"1,356,430 "
825,"Valdosta, GA MSA",United States,7.132,"149,849 "
826,Valencia metropolitan area,Spain,64.435,"1,768,205 "
827,Valladolid,Spain,15.309,"371,861 "
828,"Vallejo, CA MSA",United States,35.408,"448,747 "
829,Valletta,Malta,17.72,"480,134 "
830,Verona metropolitan area,Italy,34.169,"915,975 "
831,"Victoria, British Columbia",Canada,16.789,"409,398 "
832,"Victoria, TX MSA",United States,5.907,"98,196 "
833,Vienna,Austria,165.968,"3,004,660 "
834,Vigo metropolitan area,Spain,22.987,"321,748 "
835,Vilnius urban area,Lithuania,30.915,"868,341 "
836,"Vineland-Bridgeton, NJ MSA",United States,7.831,"151,356 "
837,"Virginia Beach-Norfolk-Newport News, VA-NC MSA",United States,116.686,"1,806,840 "
838,"Visalia, CA MSA",United States,22.794,"477,544 "
839,Vishakhapatnam,India,43.5,"2,200,000 "
840,Vitória,Brazil,28.357,"1,582,418 "
841,Vitoria-Gasteiz,Spain,13.403,"253,996 "
842,"Waco, TX MSA",United States,16.276,"283,885 "
843,Wagga Wagga,Australia,4.392,"56,442 "
844,"Walla Walla, WA MSA",United States,4.134,"61,890 "
845,"Warner Robins, GA MSA",United States,9.812,"198,193 "
846,Warsaw metropolitan area,Poland,135.343,"3,269,510 "
847,"Washington-Arlington-Alexandria, DC-VA-MD-WV MSA",United States,660.626,"6,373,756 "
848,"Waterloo-Cedar Falls, IA MSA",United States,11.824,"167,889 "
849,"Watertown-Fort Drum, NY MSA",United States,7.598,"116,637 "
850,"Wausau-Weston, WI MSA",United States,12.065,"166,334 "
851,Weihai,China,43.753,"2,906,548 "
852,"Weirton-Steubenville, WV-OH MSA",United States,7.446,"114,235 "
853,Wellington,New Zealand,26.607,"440,900 "
854,"Wenatchee, WA MSA",United States,8.355,"124,118 "
855,Wenzhou,China,119.2,"5,050,000 "
856,Wetzlar,Germany,9.957,"278,200 "
857,"Wheeling, WV-OH MSA",United States,12.603,"136,708 "
858,"Wichita Falls, TX MSA",United States,7.590,"149,299 "
859,"Wichita, KS MSA",United States,43.935,"650,039 "
860,"Williamsport, PA MSA",United States,7.040,"113,104 "
861,"Wilmington, NC MSA",United States,20.127,"300,658 "
862,"Winchester, VA-WV MSA",United States,9.181,"146,455 "
863,"Windsor, Ontario",Canada,12.243,"353,572 "
864,Winnipeg Metropolitan Region,Canada,33.557,"850,558 "
865,"Winston-Salem, NC MSA",United States,40.940,"688,471 "
866,Wollongong,Australia,5.624,"300,332 "
867,"Worcester, MA-CT MSA",United States,60.343,"980,137 "
868,Wrocław metropolitan area,Poland,17.387,"672,929 "
869,Wuhai,China,8.165,"556,621 "
870,Wuhan,China,281.000,"10,800,000 "
871,Wuhu,China,54.412,"3,644,420 "
872,Xi'an,China,171,"11,600,000 "
873,Xiamen,China,92.557,"5,163,970 "
874,Xiangtan,China,33.971,"2,726,181 "
875,Xiangyang,China,66.720,"5,260,951 "
876,Xilingol League,China,12.176,"1,107,075 "
877,Xinyu,China,14.517,"1,202,499 "
878,Xuchang,China,50.008,"4,379,998 "
879,Xuzhou,China,126,"3,050,000 "
880,"Yakima, WA MSA",United States,13.038,"257,001 "
881,Yan'an,China,23.219,"2,282,581 "
882,Yancheng,China,86.314,"6,709,629 "
883,Yangzhou,China,87.690,"4,559,797 "
884,Yantai,China,142,"2,450,000 "
885,Yerevan,Armenia,5.23,"1,500,000 "
886,Yichang,China,61.783,"4,017,607 "
887,Yingtan,China,14.290,"1,154,223 "
888,"York-Hanover, PA MSA",United States,25.187,"461,058 "
889,"Youngstown-Warren-Boardman, OH-PA MSA",United States,24.990,"535,499 "
890,"Yuba City, CA MSA",United States,8.608,"182,813 "
891,Yueyang,China,58.015,"5,051,922 "
892,"Yulin, Shaanxi",China,59.293,"3,624,750 "
893,"Yuma, AZ MSA",United States,9.883,"207,842 "
894,Yuxi,China,29.840,"2,249,502 "
895,Zagreb metropolitan area,Croatia,29.63,"1,189,279 "
896,Zaragoza metropolitan area,Spain,29.702,"681,877 "
897,Zhangzhou,China,65.903,"5,054,328 "
898,Zhengzhou,China,192,"8,950,000 "
899,Zhenjiang,China,61.182,"3,210,418 "
900,Zhuzhou,China,45.029,"1,330,000 "
901,Zibo,China,53.260,"4,704,138 "
902,Zürich Metropolitan Area,Switzerland,158.913,"1,430,000 "
903,Zwolle,Netherlands,17.936,"129,840 "
